query,engine,domain,URL,title,text
Cricket,Duckduckgo,bbc.co.uk,https://www.bbc.co.uk/sport/cricket,Cricket - BBC Sport,"The home of Cricket on BBC Sport online. Includes the latest news stories, results, fixtures, video and audio."
Cricket,Duckduckgo,en.wikipedia.org,https://en.wikipedia.org/wiki/Cricket,Cricket - Wikipedia,Cricket is a bat-and-ball game played between two teams of eleven players on a field at the centre of which is a 22-yard (20-metre) pitch with a wicket at each end...
Cricket,Duckduckgo,cricket.com,https://www.cricket.com/,"Live Cricket Score, Match Schedule & Predictions... | Cricket.com","Get live cricket scores, scorecard updates, match schedule, predictions & results, stats, latest news cricket.com App yet? Experience Fastest Live Scores, Dark Mode and Social updates, now on the..."
Cricket,Duckduckgo,cricketwireless.com,https://www.cricketwireless.com/,Prepaid Phones: No Contract Cell Phone Plans | Cricket Wireless,"Find great buys on cell phones, plans, & service at Cricket, where you get reliable nationwide coverage, affordable prepaid rates & no annual contract."
Cricket,Duckduckgo,m.cricbuzz.com,https://m.cricbuzz.com/,"Cricket Score, Schedule, Latest News, Stats & Videos - Cricbuzz","Get Live Cricket Score, Scorecard, Schedules of International and Domestic cricket matches along with Latest News, Videos and ICC Cricket Rankings of Players on Cricbuzz."
Cricket,Duckduckgo,cricket.com.au,https://www.cricket.com.au/,"Live Scores, Fixtures, News & Video | cricket.com.au","Live cricket coverage, live streaming, cricket highlights, live scores, breaking news, video, analysis and expert opinion."
Cricket,Duckduckgo,icc-cricket.com,https://www.icc-cricket.com/,Live Cricket Scores & News International Cricket Council,"Official ICC Cricket website - live matches, scores, news, highlights, commentary, rankings, videos and fixtures from the International Cricket Council."
Cricket,Duckduckgo,facebook.com,https://www.facebook.com/cricket,Cricket on Facebook - Home | Facebook,"Welcome to the Cricket on Facebook page! Run by Facebook, this Page brings you all... See more of Cricket on Facebook on Facebook."
Cricket,Duckduckgo,ecn.cricket,https://www.ecn.cricket/,"European Cricket News, Photos, Videos and more","All the latest updates of European Cricket Network - News, Photos, Videos, Scores, Fixtures, Schedule, Results, Scorecards, Rankings and more."
Cricket,Duckduckgo,youtube.com,https://www.youtube.com/channel/UCkBY0aHJP9BwjZLDYxAQrKg,cricket.com.au - YouTube,"The official YouTube channel of cricket.com.au where you can find the latest interviews, features and highlights packages."
Cricket,Duckduckgo,cricket.yahoo.net,https://cricket.yahoo.net/series,Domestic and International Cricket Series | Yahoo! Cricket,"Stay Updated with the different Domestic and International Cricket series along with detailed match analysis, Cricket highlights and more on Yahoo! Cricket."
Cricket,Duckduckgo,news18.com,https://www.news18.com/cricketnext/,"Cricket News: Live Cricket Scores, Cricket Live News, Schedule...","Get all latest cricket news, cricket live updates and coverage of cricket series including cricket match schedule, photos, videos and more only on News18.com."
Cricket,Duckduckgo,cricketlighters.com,https://www.cricketlighters.com/,Cricket Lighters,"A Cricket lighter lights every time for up to 2000 times during its lifetime cycle. With our Cricket Eco lighter we have devoted ourselves to look forwards, think long term and become more sustainable."
Cricket,Duckduckgo,espn.in,https://www.espn.in/cricket/scores,Live Cricket Scores - Find Latest Scores of all Matches... | ESPN.com,Get Latest Cricket Match Score updates only on ESPN.com. Check out 2021 Live Cricket Score of Ball by Ball & full Scorecard of International & Domestic Matches Online.
Cricket,Duckduckgo,indiatoday.in,https://www.indiatoday.in/sports/cricket,"Cricket - Live Score, Cricket Highlights and Cricket Schedule","Cricket News - find the latest update on cricket matches, live score updates, BCCI, player selection, Photos, IPL Cricket. England got early breakthrough but India got away from us quickly: Morgan."
Cricket,Duckduckgo,rediff.com,https://www.rediff.com/cricket,"Live Cricket Scores, IPL Scores, Cricket News, Tournament Schedules",Rediff Cricket - India's most popular cricket section covering latest news and views about cricket with Live scorecard and live cricket scores.
Cricket,Duckduckgo,britannica.com,https://www.britannica.com/sports/cricket-sport,"cricket | Definition, Origin, History, Equipment, Rules... | Britannica","Cricket, England's national summer sport, which is now played throughout the world, particularly in Australia, India, Pakistan, the West Indies Learn more about cricket, including its rules and origin."
Cricket,Duckduckgo,cricket.one,https://www.cricket.one/,"Live Cricket Scores, Schedules, International & Domestic... | cricket.one","Get Live Cricket Scores, Scorecard, Commentary, Match Info and Schedules of All International and Domestic Matches, Serieswise Stats, Records, Analysis and Facts, Trending News and Tweets..."
Cricket,Duckduckgo,reddit.com,https://www.reddit.com/r/Cricket/,Cricket,No Irrelevant Politics/Religion or Non-Cricket Content. These topics can only be discussed to describe how they impact Posts related to cricket only. Off-topic comments are ok if no other rules are broken.
Cricket,Duckduckgo,supersport.com,https://supersport.com/cricket,Cricket Home | SuperSport,"www.icc-cricket.com\/rankings\/team-rankings\/test""},{""name"":""Future Tours Programme"",""uri"":""\/\/images.supersport.com\/content\/ICC-Future-Tours-Programme-Latest-2020.pdf""..."
Cricket,Duckduckgo,cricketworldcup.com,https://www.cricketworldcup.com/,Live Cricket Scores & News - ICC Cricket World Cup 2019,"...Cricket World Cup 2019 Website - live matches, scores, news, highlights, commentary, standings, videos and fixtures from the ICC Cricket World C. ICC Cricket World Cup. Play of the Tournament."
Cricket,Duckduckgo,thehindu.com,https://www.thehindu.com/sport/cricket/,"Live Cricket Scores, Cricket News, Analysis, Results... - The Hindu","Cricket News. Worldview with Suhasini Haidar | India-Sri Lanka ties after port deal. PTI The International Cricket Council's Chief Executive Manu Sawhney has been sent on ""leave"" after his..."
Cricket,Duckduckgo,usacricket.org,https://www.usacricket.org/what-is-cricket/,What is Cricket? - USA Cricket,Cricket is quite unique among sports that there are in fact 3 different formats of the sport played at Cricket of course is not just played at the international level in major grounds. The real beauty of...
Cricket,Duckduckgo,theguardian.com,https://www.theguardian.com/sport/cricket,Cricket | Sport | The Guardian,The Guardian view on cricket's dilemma: deciding to pitch fast or slow. England and India seek answers to T20 World Cup questions in series.
Cricket,Duckduckgo,twitter.com,https://twitter.com/cricketnation,Cricket Wireless (@Cricketnation) | Твиттер,Последние твиты от Cricket Wireless (@Cricketnation). We're here to deliver an easy wireless experience so you can stress less and smile more. Need help? Tweet our support team...
Cricket,Duckduckgo,crickstore.com,https://www.crickstore.com/,India's best Cricket store; at crickstore we are Everything Cricket.,"Cricket Balls. Shop Now. Find Your Kit Bags. Featured Products. SG Triple Crown Classic English Willow Cricket Bat. Special Price ₹25,400.00 Regular Price ₹29,999.00."
Cricket,Duckduckgo,cricketexpress.co.nz,https://www.cricketexpress.co.nz/,Cricket Express | Your Specialist,"We offer NZ's most extensive range of cricket equipment including bats, balls, pads, gloves, shoes, bags, clothing and more from all the world's leading brands."
Cricket,Duckduckgo,skysports.com,https://www.skysports.com/watch/cricket-on-sky,Cricket - Watch Live Cricket | TV Listings | Sky Sports,"Dates, times and channels for live Cricket on Sky Sports, including the Ashes, ICC World Cup, Indian Premier League, County and International Cricket."
Cricket,Duckduckgo,cricketcentre.com.au,https://www.cricketcentre.com.au/,"Cricket Gear & Equipment - Bats, Gloves, Pads - Greg Chappell...",Greg Chappell Cricket Centre - 9 Locations + an awesome online store. Crickets best brands at great prices. Aussies largest specialist for 40+ years.
Cricket,Duckduckgo,zapak.com,https://www.zapak.com/category/cricket,Play Free Cricket Games Online - Zapak,Cricket Games online. Did you know there could be more fun ways of playing the cricket game? Play from our selection of online cricket games that we have pitched in for you and pad yourself up to...
Cricket,Duckduckgo,caribbeancricket.com,https://caribbeancricket.com/,CaribbeanCricket.com - The Independent Voice of West Indies Cricket,"The 29-year-old was surprisingly left out of the squad last February, ahead of the team's tour of Sri Lanka, after failing to meet Cricket West Indies' minimum fitness requirements."
Cricket,Duckduckgo,cecricket.com,https://cecricket.com/,Welcome to the Cricket Collection!,"CE Cricket.com is the online home of The Cricket Collection. Find information, view the latest additions to The Cricket Collection, locate shops that carry Cricket wares, and much, much more!"
Cricket,Duckduckgo,playerssports.co.nz,https://www.playerssports.co.nz/cricket,Cricket Store Nz | Buy Cricket Gear Online | Players Cricket,"Buy Cricket Bats, Equipment, Footwear And Clothing Online. Shop The Latest Gray-Nicolls, Kookaburra, Gunn & Moore And New Balance Ranges With Fast Delivery New Zealand Wide."
Cricket,Duckduckgo,cricketmedia.com,https://cricketmedia.com/,Home - Cricket Media,"Cricket® is a global education company creating high-quality print and multi-media products for children, families, mentors, teachers, and partners that improve learning opportunities for everyone."
Cricket,Duckduckgo,chasecricket.co.uk,https://www.chasecricket.co.uk/,Chase Cricket | Handmade cricket bats from Hampshire,"Chase Cricket Limited Calving Barn Dummer Down Farm Dummer Hampshire RG25 2AR Great Britain. Please note when using sat nav to find us, search for Chase Cricket rather than RG25 2AR."
Cricket,Duckduckgo,cricketstatz.com,https://www.cricketstatz.com/,Cricket Results Management System | Cricket Statz,"Cricket Statz administrators first establish their clubs, grounds and grades in their database. Others members of your league/association/club can then be given access to your database to add players..."
Cricket,Duckduckgo,keralacricketassociation.com,http://www.keralacricketassociation.com/,Kerala Cricket Association | Official Website,Kerala Cricket Association was formed in the year 1951 and is affiliated to the Board of Control for Cricket in India (BCCI) and the Kerala There are fourteen district cricket association affiliated to it.
Cricket,Duckduckgo,crickethealth.com,https://www.crickethealth.com/,Cricket Health | A New Model of Care for Kidney Disease,Cricket Health identifies kidney disease early and provides personalized care teams to manage it more proactively. We're making an impact on kidney disease.
Cricket,Duckduckgo,cricketgamescricket.com,https://www.cricketgamescricket.com/,Online Cricket Games - Free Cricket Games - Cricket Games,A Cricket site made with one aim and that is to bring to cricket fans all the best cricket games to play online. The advantage of online cricket is that you can play it anywhere with anyone and anytime.
Cricket,Duckduckgo,secure.crictime.com,https://secure.crictime.com/watch-live-cricket-streaming-1.htm,Live Cricket Streaming - Live Cricket - Watch Cricket Online - Free,"Live Cricket Streaming, Watch ive streaming of all international and domestic leagues cricket matches on your PC and mobile."
Cricket,Duckduckgo,cricketnsw.com.au,https://www.cricketnsw.com.au/,Cricket New South Wales,"Community Cricket. Live Scoring Promotion T's and C's. McDonalds Junior Player of the Week. Men's Premier Cricket finalists decided, Northern District claim club championship."
Cricket,Duckduckgo,scorespro.com,https://www.scorespro.com/cricket/,ScoresPro Cricket LiveScore | Live Cricket Results | ScoresPro.com,"Get Live Cricket Scores at our free Livescores website. Cricket rankings, fixtures & results for National & International Cricket at ScoresPro.com."
Cricket,Duckduckgo,cricketsocial.com,https://www.cricketsocial.com/,"Cricket Social Home Page, About Cricket Social... | cricketsocial.com",Cricket Social - Live Games ABOUT CRICKETSOCIAL WHO WE WORK WITH Events...Dedicated Social Platform for Cricket. Create your cricket profile - Connect with cricket buddies...
Cricket,Duckduckgo,indianexpress.com,https://indianexpress.com/section/sports/cricket/,"Cricket News, Latest Cricket News Today, Live... | The Indian Express","Cricket News, Live Cricket Score Online: Get the Latest Cricket News Today, top cricket headlines, live cricket match score online at IndianExpress.com. Find the latest cricket news..."
Cricket,Duckduckgo,sportsbay.org,https://sportsbay.org/sports/cricket,Stream Cricket live. Watch Cricket online and free.,Watch Cricket online. Stream Cricket live. No Blackouts. Stream Cricket Live. Watch Cricket online.
Cricket,Duckduckgo,translate.ru,https://www.translate.ru/dictionary/en-ru/cricket,"cricket - перевод с английского на русский , транскрипция...",cricket [ˈkrɪkɪt]Существительное. cricket / crickets.
Cricket,Duckduckgo,magic.co.nz,https://www.magic.co.nz/home/cricket.html,"Welcome to Magic Talk, your new home for live cricket.",Download the rova app and get ready for the cricket this summer. Tickets for BLACKCAPS vs West Indies and Pakistan are on sale now. Scroll below to check out the 2020-21 schedule be part of the...
Cricket,Duckduckgo,cricketlivez.com,https://www.cricketlivez.com/,"Cricket Live Score Today Matches, Cricket Schedule 2021","Download Best Cricket App for Cricket Live Score Today Matches Complete Updates - Cricket livescore ball Cricket Schedule & Results Cricket matches schedule, current match, upcoming and..."
Cricket,Duckduckgo,express.co.uk,https://www.express.co.uk/sport/cricket,"Cricket | Test Cricket News, Twenty20 and IPL... | Express.co.uk","Breaking cricket news, comment and analysis, fixtures and results from Express reporters at Test matches, County Championship and Indian Premier League."
Cricket,Duckduckgo,sports.ndtv.com,https://sports.ndtv.com/cricket/icc-rankings,"ICC Cricket Rankings 2021: ODI Ranking, Test Ranking, T20 - Team...","ICC Cricket ranking of teams, batsmen, bowler and all - rounder.Get latest ICC cricket ranking of ODI, Test matches, T20 and ICC rankings of batsmen, bowler and all-rounder."
Cricket,Duckduckgo,cricstream.me,https://cricstream.me/,Live Cricket Streaming | Cricket Online | CricketStream,"Live Cricket Streams. Streaming cricket Test Match, One Day and T20s online for free. home of cricket streams, this page helps to watch test, one day and t20 cricket streams online."
Cricket,Duckduckgo,indiancricketfans.com,https://www.indiancricketfans.com/forum/6-cricket-talk/,Cricket Talk - Indian Cricket Fans | Forum,All cricket related discussions. General Rules: Posting Guidelines. Please avoid any name calling of cricketers on the site. Any abuse is strictly off limits on the site whether in IPL section or cricket section.
Cricket,Duckduckgo,hamariweb.com,https://hamariweb.com/cricket/,"Live Cricket Score - Watch Psl 2021 Live Scorecard, News & Schedule","Watch live cricket streaming score of cricket league matches 2019, latest score update, play cricket games and find cricket news and live cricket streaming."
Cricket,Duckduckgo,cricket.sourceforge.net,http://cricket.sourceforge.net/,Cricket Home,"Cricket has two components, a collector and a grapher. The collector runs from cron every 5 Cricket reads a set of config files called a config tree. The config tree expresses everything Cricket needs to..."
Cricket,Duckduckgo,eurosport.com,https://www.eurosport.com/cricket/,"Cricket news - Top stories, videos & results - Eurosport","Get updates on the latest Cricket action and find articles, videos, commentary and analysis in one place. Eurosport is your go-to source for Cricket news."
Cricket,Duckduckgo,seriouscricket.co.uk,https://seriouscricket.co.uk/,"Find & Buy Cricket Equipment, Kit and Clothing at Serious Cricket","Neil, the company's MD, played cricket throughout his youth reaching Minor Counties Level and making England Under 17 trials alongside the likes of Andrew Flintoff, and Alex Tudor."
Cricket,Duckduckgo,sportscrunch.in,https://www.sportscrunch.in/cricket/,"Cricket: Latest Cricket News, Live Scores, Updates, Indian Cricket...","Find the latest cricket news, latest Indian cricket news, information, live scores, match reports, schedules, photos, events, results at SportsCrunch."
Cricket,Duckduckgo,agame.com,https://www.agame.com/game/cricket,Cricket - Play Cricket online at Agame.com,"Position your fielders, control the batsman or bowler, and score points! How to play Cricket. Mouse = click and drag the bowler or batsman to set up the speed and direction."
Cricket,Duckduckgo,cricketnmore.com,https://www.cricketnmore.com/,"Latest Cricket News, India vs England 2021 Updates at Cricketnmore","Get the latest live cricket score news, cricket news today, India vs England Series 2021 schedules of international matches along with squads, statistics, ICC ranking, and points table at Cricketnmore."
Cricket,Duckduckgo,cleanpng.com,https://www.cleanpng.com/free/cricket.html,"Cricket PNG - Cricket Bat, Cricket Ball... - CleanPNG / KissPNG","6,087 transparent png illustrations and cipart matching ""Cricket"". Here you can explore HQ Cricket transparent illustrations, icons and clipart with filter setting like size, type, color etc."
Cricket,Duckduckgo,cricandcric.com,https://www.cricandcric.com/tag/cricket-equipment/,Cricket Equipment Archives - Cric And Cric,"Purchasing the best quality and branded cricket equipment requires a lot of money. To ensure that the quality of that equipment remains constant for future use, you must take some steps to maintain them."
Cricket,Duckduckgo,cjicricket.com,https://www.cjicricket.com/,CJI Cricket - The Cricket Specialist,"Welcome to CJI Cricket. We are a family run business in Bournemouth, founded in 2004 by myself Chris Insall, I have played cricket for many years at a high level, and have a broad level of..."
Cricket,Duckduckgo,kongregate.com,http://www.kongregate.com/cricket-games,Cricket games on Kongregate,"We have over 41 of the best Cricket games for you! Play online for free at Kongregate, including Raid Heroes: Sword and Magic, SMashtastic Cricket : World Cup Hero, and Ashes 2 Ashes..."
Cricket,Duckduckgo,cricketgames.me.uk,https://www.cricketgames.me.uk/,Cricket Games - Free Cricket Games - Cricket Games Online,Cricket Games is a free online cricket games website dedicated to the great game of cricket. Our collection is one of the best on the internet so please enjoy your stay .
Cricket,Duckduckgo,astrokey.info,https://www.astrokey.info/cricket-predictions/,Cricket Predictions based on Astrology,Cricket Predictions Report in detail check below: Domestic T20 Leagues and International Tours of Cricket Predictions Report details 2018-19 CLICK HERE. ——All other cricket predictions result are...
Cricket,Duckduckgo,bucket.pk,https://bucket.pk/cricket/,Cricket Items | Pakistan No.1 Cricket Online Store | Bucket.Pk,The most Exclusive Cricket online store in Pakistan.Hurry up dont miss the chance to availe the best deals on Cricket items at Bucket.Pk. Visit Store Now!
Cricket,Duckduckgo,outlookindia.com,https://www.outlookindia.com/sports/cricket,"Cricket News: Online Cricket Magazine Website, Live... |Outlook India","Get Latest Cricket News, Live Cricket Score, Photos, Videos updates at best Online Cricket Magazine Website Outlookindia.com. International & domestic cricket, cricket tournaments, fixture and results..."
Cricket,Duckduckgo,cricketbats.com,https://www.cricketbats.com/,Cricket Bats | Discount Cricket Bats | Cricket Bats for Sale,"Supporting Local Cricket Supporting Local Cricket. Cricket World has been supporting local cricket for over 30 years, a wealth of experience can assist you with your purchases Cricket World has been..."
Cricket,Duckduckgo,kuwaitcricketofficial.com,https://kuwaitcricketofficial.com/,Kuwait Cricket (KC) Official Website,"Kuwait Cricket (KC) is the official governing body for the game of cricket in Kuwait. Associate member of the ICC, Full member of the ACC & affiliated to KOC."
Cricket,Duckduckgo,kyrosports.com,https://www.kyrosports.com/category/cricket/,Cricket | Kyro Sports,The Cricket Board of India (BCCI) took a major decision regarding IPL at the 89th Annual General The Pakistan Cricket Board (PCB) CEO Wasim Khan has said that the International Cricket Council...
Cricket,Duckduckgo,cricketdirect.co.uk,https://cricketdirect.co.uk/collections/cricket-footwear,Cricket Footwear,"Browse a brilliant choice of cricket shoes online expertly manufactured by the greatest cricket footwear brand in the world, such as Browse an unrivalled selection of bowling boots, batting cricket shoes..."
Cricket,Duckduckgo,mykhel.com,https://www.mykhel.com/cricket/news/,"Cricket News, Latest Cricket Updates, Live Cricket News - myKhel","Read all latest Cricket news and get live cricket updates, match preview, reports, schedules, scores, results, highlights, in-depth analysis of all cricket matches and series at myKhel."
Cricket,Duckduckgo,dennisuk.com,https://www.dennisuk.com/cricket/,Cricket Grounds Maintenance | Cricket Wicket Mower,"From cricket aeration to cricket scarifying, Cricket pitches have to be in tip-top condition throughout the season and Dennis has the full range of equipment for the complete turf maintenance..."
Cricket,Duckduckgo,snapdeal.com,https://www.snapdeal.com/products/sports-hobbies-cricket,"Cricket Kit Upto 80% OFF: Cricket Bats, Ball... - Snapdeal","Buy Cricket Bats, cricket ball, cricket kits, cricket accessories online starting at Rs. Shop online wide range of Cricket accessories & more. Get Free shippign & CoD options across India."
Cricket,Duckduckgo,en.crichd.sc,https://en.crichd.sc/,Live Cricket and Watch Online Streaming,Live Cricket Streaming and Watch Live Cricket Online Streaming on our website CricHD. CricHD provides free cricket live stream.
Cricket,Duckduckgo,cricketkeeda.com,https://www.cricketkeeda.com/,Cricketkeeda - Latest Cricket News and Updates,CricketKeeda is the platform that provides the latest cricket updates and news for cricket fans in its purest form.CricketKeeda provides players info.
Cricket,Duckduckgo,kuckrejas.com,https://www.kuckrejas.com/cricket,Cricket,"Check out our GN Cricket Bats, Batting Legguards, Wicket Keeping, Cricket Accessories and other Cricket Equipment we have in stock at our gigantic Online Sports Store!"
Cricket,Duckduckgo,crickettang.com,https://crickettang.com/,"Cricket Tang - Cricket News, Cricket Score, Schedule, Live Streaming","Cricket World Cup 2023. ICC Champions Trophy. Cricket Tang. December 29, 2020."
Cricket,Duckduckgo,cricket.af,https://cricket.af/,Afghanistan Cricket Board,The Afghanistan Cricket Federation was established in 1995. It was granted affiliate membership by the International Cricket Council (ICC) in 2001 and this year marked the beginning of an incredible...
Cricket,Duckduckgo,sstoncricket.com,https://www.sstoncricket.com/,"SS Ton Cricket | Cricket Bat, Kits & Equipments SS Cricket","SS Cricket Store | Buy SS Cricket Bats, Balls, Kit Bags, Helmet, Sports Wear & Accessories online at best price in India SS Gladiator English Willow Cricket Bat. Regular Price: ₹46,170. ₹41,553."
Cricket,Duckduckgo,video.webcric.com,https://video.webcric.com/,WebCric | Live Cricket Streaming | India vs England Live Streaming,Webcric is streaming all the International and Domestic Cricket Games and all the Live Cricket Streams are Freely available on this website.
Cricket,Duckduckgo,cricoff.net,https://cricoff.net/,Cricket Highlights - My Cricket Highlights - cricket highlights...,"Now you can watch cricket highlights videos & cricket match videos My Cricket Highlights, cricket news and highlights guru with HD quality only on cricoff.com."
Cricket,Duckduckgo,amarujala.com,https://www.amarujala.com/cricket/cricket-news,"Cricket News In Hindi, Latest क्रिकेट न्यूज़ Headlines - Amarujala.com","Read breaking and latest Cricket News News in Hindi in India No. 1 Leading Hindi Newspaper Amar Ujala covering क्रिकेट न्यूज़ samachar in Hindi, election news, crime news, education news and more."
Cricket,Duckduckgo,orkin.com,https://www.orkin.com/other/crickets/cricket-chirp,Cricket Chirp - Cricket Sounds,"Cricket Chirp. Crickets are named for the high-pitched The house cricket is known for producing a loud, continuous chirp at night, while the chirp of the field cricket is less high-pitched but occurs both..."
Cricket,Duckduckgo,cricketvictoria.com.au,https://www.cricketvictoria.com.au/,Cricket Victoria,"Cricket Victoria's Rainbow Advisory Committee. Over the last five years, Cricket Victoria have been continually working towards making cricket a more inclusive sport for our LGBTIQ+ community."
Cricket,Duckduckgo,jakartacricket.com,https://jakartacricket.com/,The Home of Cricket in Indonesia | The Home of Cricket in Indonesia,Jakarta Cricket Association. Advanced Offshore League 2020: Playing Conditions. The Latest News.
Cricket,Duckduckgo,cricketaustralia.com.au,https://www.cricketaustralia.com.au/cricket,Cricket | Cricket Australia,"Cricket Australia's success is measured in part, by the rankings of our National Teams. To thrive at the elite level, there is increasing importance on Australian teams to continue to be successful..."
Cricket,Duckduckgo,blog.feedspot.com,https://blog.feedspot.com/cricket_youtube_channels/,"100 Cricket YouTube Channels for latest News Videos, Highlights...","Cricket YouTube Channel Best List. Find videos on cricket matches, highlights, news updates, behind-the-scenes footage, player interviews Top 100 Cricket Youtube Channels. Submit Your Channel."
Cricket,Duckduckgo,cricketpanchayat.com,https://www.cricketpanchayat.com/,Latest Cricket News | Indian Cricket Team | IPL 2020 | Today Cricket...,"Read all the latest Sports News & Live Updates in Cricket Panchayat. Get Live Scores, match prediction, Aaj ka match, Fixtures, Schedules, Points Table, Team Standings & Match Updates."
Cricket,Duckduckgo,cricketcoachgame.com,https://www.cricketcoachgame.com/,Cricket Coach - detailed simulation of world cricket for PC/Mac,"Cricket Coach is a simulation of world cricket for Windows PCs and Apple Macs, developed by Oli Norwell, with help from a variety of people over the course of the last 19 years."
Cricket,Duckduckgo,cricingif.com,https://www.cricingif.com/cricket-schedule-fixtures,"Cricket Schedule & Fixtures for all Matches, International... | Cricingif",Cricket Schedule and International Cricket Calendar featuring all upcoming cricket fixtures for all countries and all formats.
Cricket,Duckduckgo,talentcricket.co.uk,https://www.talentcricket.co.uk/cricket_bats/c30.html,"Cricket Bats, Buy Cricket Bats, Cheap Cricket Bats for 2021 from...","Talent Cricket stock a wide range of cricket equipment including cricket bats, helmets, gloves, cricket balls, shoes and junior cricket equipment at great prices."
Cricket,Duckduckgo,bcci.tv,https://www.bcci.tv/,The Board of Control for Cricket in India,"Indian Cricket Today. Live Matches. 1st ODI Bharat Ratna Shri Atal Bihari Vajpai Ekana Cricket Stadium, Lucknow."
Cricket,Duckduckgo,cricketshop.co.za,https://cricketshop.co.za/product-category/cricket/,Cricket - THE CRICKET SHOP,The best online Cricket Shop in South Africa... Assign a menu in Theme Options > Menus. No products in the basket. Cricket. Batsman.
Cricket,Duckduckgo,crickethighlightsvideo.com,https://www.crickethighlightsvideo.com/category/cricket-highlights/,Cricket Highlights - Cricket Highlights Video,Watch My Cricket Highlights Video & Latest Cricket Match Highlights HD with Full Cricket Match Highlights MyCricketHighlights. IND vs ENG 2nd Test Day 4 Cricket Highlights Video.
Cricket,Duckduckgo,cricketarchive.com,https://cricketarchive.com/,The Home of CricketArchive | Cricket Happenings,CricketArchive has ball-by-ball updates of matches in major cricket tournaments plus up-to-date scorecards of other matches and archive scorecards back to the 18th century.
Cricket,Duckduckgo,m.22bet19.com,https://m.22bet19.com/line/Cricket/,Cricket Betting Odds | Bet on Cricket Online with 22Bet,Find the best Cricket betting odds and bet on Cricket events live or pre-match with 22Bet sportsbook! ✓.
Cricket,Duckduckgo,onlinecricstore.com,https://www.onlinecricstore.com/cricket-accessories,Cricket Accessories - Buy Cricket Accessories Online @ Lowest Price,"Cricket Accessories - We stock Cricket Bat Grips, Sun Glasses, Mallets, Toe Guards, Kit Bags, Panama Hat, Cap and many other Buy cricket Accessories online with us and get express delivery."
Cricket,Duckduckgo,guerillacricket.com,https://www.guerillacricket.com/,Live cricket commentary | Guerilla Cricket,"Guerilla Cricket: live cricket commentary. It's ball-by-ball like you've never heard before, covering all England international matches, world tournaments and so much more besides; it's high-brow..."
Cricket,Duckduckgo,cricketnirvana.com,http://www.cricketnirvana.com/,"Cricket highlights - cricket live score, cricket news, cricket analytics","Skip to content. Cricket highlights. ""Flipper"" is a term used in cricket to define a delivery bowled by leg spinners that keeps relatively low and traps batsmen in front of."
Cricket,Duckduckgo,cricketgames.me,https://www.cricketgames.me/smashtastic-cricket/,Smashtastic Cricket - Cricket Games,Cricket Games » Smashtastic Cricket. Do you like this game? Knock us for six and Recommend it then! Your batsman will gain skill by notching up runs and winning more cricket matches.
Cricket,Duckduckgo,bestcricketstore.com,https://bestcricketstore.com/,"Best Cricket Store Online | Cricket Bats, Gears and Equipment","USA's top-rated online cricket store based in Chicago, Houston & Bay Area. Buy cricket bats, gears and equipment at lowest prices."
Cricket,Duckduckgo,edsports.ie,https://edsports.ie/product-category/cricket-shop/,CRICKET SHOP | Cricket Bats | Cricket online | ED Sports | Dublin,We are Irelands Leading Specialist Cricket Shop. Top Brands at excellent prices. Buy in-store or online. FREE Delivery on orders over €75. Hotline 016677300.
Cricket,Duckduckgo,cricket.jazz.com.pk,https://cricket.jazz.com.pk/,Jazz Cricket - Enjoy live cricket and watch key cricket moments,"Jazz Cricket Welcome: Status: Logout. Raja lauds Dhani, suggests to focus on Test cricket. Pakistan tour to South Africa could be delayed, claims ex-captain."
Cricket,Duckduckgo,cypruscricket.com,https://www.cypruscricket.com/,Cyprus Cricket News - Cyprus Cricket Association,Cyprus Cricket News. 2020 Youth Cricket starts on October 10. More batting fireworks as three teams reach Cyprus cricket semis. Tochni Growers' Cooperative.
Cricket,Duckduckgo,merriam-webster.com,https://www.merriam-webster.com/dictionary/cricket,Cricket | Definition of Cricket by Merriam-Webster,Cricket definition is - any of a family (Gryllidae) of leaping orthopteran insects Definition of cricket (Entry 2 of 3). 1 : a game played with a ball and bat by two sides of usually 11 players each on a large...
Cricket,Duckduckgo,newsnow.co.uk,https://www.newsnow.co.uk/h/Sport/Cricket,"Cricket News | Latest Test, ODI & T20 Stories - NewsNow","Cricket news - updated 24/7/365. Covering the latest Test, ODI, T20 and domestic cricket news and more from the best sources."
Cricket,Duckduckgo,smh.com.au,https://www.smh.com.au/sport/cricket,"Cricket | News, Live Coverage, Results, Comment & Analysis","...Test Cricket, Sheffield Shield and all domestic and international cricket competiions and leagues. only a fraction of the broadcast fee reduction it was seeking for the just completed summer of cricket."
Cricket,Duckduckgo,moneycontrol.com,https://www.moneycontrol.com/news/cricket/schedule/,"Cricket Schedule - Upcoming Matches, Today's Cricket Match...","Cricket Full Schedule - List of all upcoming matches India and International series with schedule, today's match, venue, fixture and team information on moneycontrol."
Cricket,Duckduckgo,wikiwand.com,https://www.wikiwand.com/en/Cricket,Cricket - Wikiwand,"Cricket is a bat-and-ball game played between two teams of eleven players on a field at the centre of which is a 22-yard pitch with a wicket at each end, each comprising two bails balanced on three stumps."
Cricket,Duckduckgo,emergingcricket.com,https://emergingcricket.com/,Emerging Cricket: News & insight from Associate cricket and beyond,EC's Cutler appointed Vanuatu Cricket CEO. Kuwait Cricket announces national contracts for twenty men's players. European Cricket Championship draw and host revealed. News.
Cricket,Duckduckgo,cricket.jhalak.com,https://cricket.jhalak.com/,Cricket Software Jhalak Online Cricket Management System,"Jhalak provides cricket software and conducts cricket tournament in USA. Stay tuned for cricket leagues, matches, Live Score, schedules, news, local grounds, umpires, commentators for Desi and..."
Cricket,Duckduckgo,b3cricket.com,https://b3cricket.com/cricket-shop/,"Cricket Bats, Cricket Gloves, Pads, Protection Kit... | B3 Cricket","Buy your cricket gear from B3 today! All of our cricket gear has been designed by cricketer for cricketers,made from the very best materials to the highest standard."
Cricket,Duckduckgo,allfont.net,https://allfont.net/download/cricket/,Cricket - free font download on AllFont.net,"Font manufacturer is Cricket. Download Cricket for free on AllFont.net. This font belongs to the following categories: cyrillic fonts, latinic fonts, russian fonts. Font size - only 48 Kb."
